decile,n,positives,avg_p,cum_positives,capture_rate
10,48,0,0.00023797460940359926,0,0.0
9,48,0,0.008741848253046329,0,0.0
8,48,0,0.05331765328990787,0,0.0
7,48,0,0.09147998936449113,0,0.0
6,48,0,0.1514216711111604,0,0.0
5,49,0,0.20970813218762768,0,0.0
4,48,1,0.30643209785181375,1,0.01020408163265306
3,48,11,0.45003826522317353,12,0.12244897959183673
2,48,37,0.6400354311609102,49,0.5
1,48,48,0.7998717100589857,97,0.9897959183673469
0,1,1,0.9350455285916793,98,1.0
