feature,importance_mean,importance_std
avg_txn_amt_12m,0.11680497925311199,0.009599780332995253
txn_amt_12m,0.10975103734439831,0.006783312333722758
txn_cnt_12m,0.08962655601659748,0.009361422549940658
acct_cnt,0.07033195020746884,0.011266534425216166
ca_cnt,0.03692946058091284,0.005394190871369275
sa_cnt,0.0053941908713692754,0.004065543141548829
txn_months_12m,0.0018672199170124415,0.0036469700894703077
