{
  "feature_set": "V2_CORE",
  "n_train": 385,
  "n_val": 97,
  "accuracy": 0.8350515463917526,
  "roc_auc": 0.8954545454545455,
  "pr_auc": 0.6390973360487601
}