{
  "gate_delta": 0.01,
  "weights": {
    "rules_pct": 0.4,
    "ml_pct": 0.6,
    "hgb": 0.4,
    "xgb": 0.35,
    "lgbm": 0.25
  },
  "metrics": {
    "hgb": {
      "pr_auc": 0.5904775016926253,
      "roc_auc": 0.8819621598639455,
      "brier": 0.1410837775648046,
      "cap10": 0.337,
      "cap20": 0.612,
      "cap30": 0.786
    },
    "lgbm": {
      "pr_auc": 0.6069590910268151,
      "roc_auc": 0.8835565476190477,
      "brier": 0.13064473679593583,
      "cap10": 0.327,
      "cap20": 0.582,
      "cap30": 0.765
    },
    "xgb": {
      "pr_auc": 0.6157242631692608,
      "roc_auc": 0.8895886479591836,
      "brier": 0.11835852797308447,
      "cap10": 0.327,
      "cap20": 0.612,
      "cap30": 0.786
    },
    "ensemble": {
      "pr_auc": 0.6068019810084813,
      "roc_auc": 0.8867453231292517,
      "brier": 0.12705002126226986,
      "cap10": 0.327,
      "cap20": 0.602,
      "cap30": 0.796
    }
  },
  "champion": "xgb"
}