{
  "roc_auc": 0.9870721726190477,
  "pr_auc": 0.9520453707178906,
  "brier": 0.06289499399791389
}