decile,n,mean_expected_value,conversion_rate,actual_revenue
9,10,392596.12535722996,1.0,2451387.18
8,10,126708.10602545424,1.0,2181113.15
7,10,51858.56641853543,1.0,1867660.44
6,10,28404.89846375952,0.7,744874.63
5,10,18293.840214273554,1.0,1408407.55
4,10,7938.008299891732,0.7,781385.77
3,10,2640.06027521534,0.6,484562.08999999997
2,10,222.56596435394445,0.6,425325.72
1,10,0.0001393683566106125,0.0,0.0
0,10,0.0,0.0,0.0
