conversion_change,portfolio_expected_value
-0.2,22255638.659124583
-0.1,25037593.491515156
0.0,27819548.32390573
0.1,30601503.156296305
0.2,33383457.988686875
