month,avg_total_amount,avg_transaction_count
1,1642148.5288709737,53.27272727272727
2,1421013.220556693,45.81818181818182
3,1401783.7099742615,44.27272727272727
4,1530520.0792128553,51.45454545454545
5,1920763.0925731435,56.0
6,1456863.337123122,49.36363636363637
7,1744171.7503942237,53.90909090909091
8,1592990.3808434496,53.27272727272727
9,1545992.5235149427,49.18181818181818
10,1585710.3223230408,50.90909090909091
11,1422741.8640081468,48.4
12,1391414.3732952955,45.8
